<?xml version="1.0" encoding="UTF-8"?>
<!DOCTYPE suite SYSTEM "http://testng.org/testng-1.0.dtd">
<suite name="2.3Localozation" parallel="tests">
	<test name="Test">
		<classes>
			<class name="com.utc.BD.Test.BD2_3Testcases">
				<methods>
					<include name="validateDropDownOptions"></include>
					<include name="verifyEMptyMostUsedView"></include>
					<include name="verifyEmptyNearbyView"></include>
				</methods>
			</class>
		</classes>
	</test> <!-- Test -->
</suite> <!-- Suite -->
