<?xml version="1.0" encoding="UTF-8"?>
<!DOCTYPE suite SYSTEM "https://testng.org/testng-1.0.dtd">
<suite name="Suite" parallel="tests">
	<listeners>
		<listener class-name="com.utc.BD.Test.Listeners.TestListener" />
	</listeners>
	<test name="BD2.1" preserve-order="true">
		<classes>
			<class name="com.utc.BD.Test.TestCaseForContractTracing">
				<methods>
					<include name="walkThrough"></include>
					<include name="locationScrn"></include>   
					<include name="optinValidations"></include> 
					<include name="selfAssAsCovidNegative"></include> 
					<include name="verifyNotificationMarkRead"></include>
				    <include name="veridfyMarkAllAsRead"></include>
					<include name="tooCloseNotificationValidation"></include>
					<include name="optOutValidations"></include> 		
				</methods>
			</class>
		</classes>
	</test> <!-- Test -->
</suite> <!-- Suite -->
