<?xml version="1.0" encoding="UTF-8"?>
<!DOCTYPE suite SYSTEM "http://testng.org/testng-1.0.dtd">
<suite name="Suite" parallel="tests">
	<test name="Test">
		<classes>
			<class name="com.utc.BD.Test.TestCases">
				<methods>
					<exclude name="appLogin"></exclude>
					<!-- <include name="navigateToSettings"></include>
					<include name="navigateToAboutPage"></include>
					<include name="navigateToDiagnosticsPage"></include>
					<exclude name="navigateToHelpPage"></exclude>
					<include name="navigateToPreferencesPage"></include> -->
					<include name="navigateToCredentialsPage"></include>
					<!-- <include name="verifyReaderListOnBTOff"></include>
					<include name="verifyRenameReader"></include>
					<include name="verifyUpdateCredentials"></include>
					<include name="verifyUpdateCredentialFail"></include>
					<include name="verifyCredentialFailDescription"></include> -->
				</methods>
			</class>
		</classes>
	</test> <!-- Test -->
</suite> <!-- Suite -->
