<?xml version="1.0" encoding="UTF-8"?>
<!DOCTYPE suite SYSTEM "http://testng.org/testng-1.0.dtd">
<suite name="Suite" parallel="tests">
	<listeners>
		<listener class-name="com.utc.BD.Test.Listeners.TestListener" />
	</listeners>
	<test name="BD2.1" preserve-order="true">
		<classes>
			<class name="com.utc.BD.Test.TestCases">
				<methods>
					<exclude name="appLogin"></exclude>
					<include name="navigateToSettings"></include>
					<include name="navigateToAboutPage"></include>
					<include name="navigateToPreferencesPage"></include>
					<exclude name="navigateToHelpPage"></exclude>
					<include name="verifyReaderListOnBTOff"></include>
					<include name="verifyErrorOnBTOff"></include>
					<include name="verifySelectedReader"></include>
					<include name="verifyRenameReader"></include>
					<include name="verifyUnlockReader"></include>
					<include name="verifyCancelUnlockOperation"></include>
					<include name="verifyBToffUnlock"></include>
					<include name="verifyHideReader"></include>
					<include name="verifyFavoriteReader"></include>
					<include name="verifySelectedFavReader"></include>
					<include name="verifyWidgetUnlockFavReader"></include>
					<include name="verifyCancelUnlockFavorite"></include>
					<include name="unFavoriteAllreaders"></include>
					<include name="verifyHideFavoriteReader"></include>
					<include name="unhideAllreaders"></include>
					<include name="verifyRenameFavoriteReader"></include>
					<include name="verifyFavoriteReaderUnpin"></include>
					<include name="verifyReaderListOnBTOn"></include>
					<include name="verifyDragDrop"></include>
					<include name="addReadertoPathway"></include>
					<include name="addReaderbetweenPathway"></include>
					<include name="startPathwayfromActionMenu"></include>
					<include name="startPathwayfromManageScreen"></include>
					<include name="editPathwayfromManageScreen"></include>
					<include name="verifyWidgetStartPathway"></include>
					<include name="verifyWidgtEmptyReaderNdPathway"></include>
					<include name="verifyWidgetNearbyNdPathwaysClick"></include>
					<include name="verifyWidgetShowLessNearbyNdPathwaysClick"></include>
					<include name="deletePathway"></include>
					<include name="swapPathways"></include>
					<include name="verifyPHAABFavoriteReader"></include>
					<include name="verifyRemovePHAABFavoriteReader"></include>
					<include name="verifyEditPHAABFavoriteReader"></include>
					<include name="verifyPHAABNormalReader"></include>
					<include name="verifyRemovePHAABNormalReader"></include>
					<include name="verifyPHAABAllReader"></include>
					<include name="deletePhaab"></include>
					<include name="navigateToCredentialsPage"></include>
					<include name="verifyCredentialName"></include>
					<include name="verifyUpdateCredentialFail"></include>
					<include name="verifyCredentialFailDescription"></include>
					<include name="verifyUpdateCredentials"></include>
				</methods>
			</class>
		</classes>
	</test> <!-- Test -->
</suite> <!-- Suite -->
